d,t,n
0,0,7
0,1,5
0,2,4
0,3,2
0,4,3
0,5,1
0,6,2
0,7,1
0,8,0
0,9,0
0,10,3
0,11,5
0,12,11
0,13,8
0,14,10
0,15,7
0,16,24
0,17,22
0,18,22
0,19,40
0,20,32
0,21,44
0,22,49
0,23,61
0,24,41
0,25,65
0,26,50
0,27,59
0,28,55
0,29,58
0,30,50
0,31,69
0,32,88
0,33,79
0,34,48
0,35,47
0,36,28
0,37,34
0,38,32
0,39,18
0,40,58
0,41,30
0,42,17
0,43,3
0,44,11
0,45,9
0,46,4
0,47,4
1,0,9
1,1,4
1,2,3
1,3,2
1,4,0
1,5,0
1,6,2
1,7,1
1,8,0
1,9,1
1,10,2
1,11,3
1,12,4
1,13,6
1,14,13
1,15,7
1,16,17
1,17,21
1,18,29
1,19,26
1,20,36
1,21,37
1,22,44
1,23,49
1,24,41
1,25,46
1,26,36
1,27,45
1,28,44
1,29,38
1,30,35
1,31,44
1,32,26
1,33,24
1,34,37
1,35,43
1,36,32
1,37,18
1,38,14
1,39,21
1,40,10
1,41,12
1,42,9
1,43,8
1,44,5
1,45,5
1,46,4
1,47,3
2,0,1
2,1,3
2,2,3
2,3,1
2,4,0
2,5,1
2,6,0
2,7,0
2,8,1
2,9,2
2,10,1
2,11,10
2,12,3
2,13,18
2,14,33
2,15,61
2,16,69
2,17,89
2,18,60
2,19,59
2,20,67
2,21,57
2,22,58
2,23,67
2,24,82
2,25,75
2,26,69
2,27,57
2,28,63
2,29,57
2,30,53
2,31,60
2,32,63
2,33,68
2,34,58
2,35,80
2,36,80
2,37,48
2,38,48
2,39,33
2,40,13
2,41,27
2,42,16
2,43,11
2,44,6
2,45,10
2,46,3
2,47,2
3,0,3
3,1,1
3,2,2
3,3,0
3,4,5
3,5,2
3,6,2
3,7,1
3,8,2
3,9,1
3,10,5
3,11,4
3,12,8
3,13,16
3,14,30
3,15,54
3,16,82
3,17,61
3,18,50
3,19,59
3,20,58
3,21,67
3,22,71
3,23,46
3,24,66
3,25,80
3,26,76
3,27,81
3,28,72
3,29,60
3,30,58
3,31,66
3,32,56
3,33,58
3,34,69
3,35,85
3,36,58
3,37,56
3,38,37
3,39,36
3,40,29
3,41,13
3,42,21
3,43,13
3,44,19
3,45,2
3,46,6
3,47,5
4,0,1
4,1,4
4,2,3
4,3,2
4,4,4
4,5,1
4,6,2
4,7,1
4,8,2
4,9,2
4,10,3
4,11,4
4,12,12
4,13,9
4,14,27
4,15,48
4,16,74
4,17,76
4,18,56
4,19,51
4,20,54
4,21,52
4,22,56
4,23,62
4,24,74
4,25,76
4,26,57
4,27,67
4,28,64
4,29,53
4,30,58
4,31,59
4,32,53
4,33,54
4,34,82
4,35,61
4,36,68
4,37,62
4,38,55
4,39,34
4,40,44
4,41,24
4,42,24
4,43,13
4,44,15
4,45,8
4,46,3
4,47,8
5,0,4
5,1,2
5,2,4
5,3,3
5,4,0
5,5,2
5,6,0
5,7,2
5,8,2
5,9,1
5,10,3
5,11,10
5,12,9
5,13,16
5,14,31
5,15,57
5,16,77
5,17,65
5,18,53
5,19,55
5,20,50
5,21,59
5,22,59
5,23,58
5,24,81
5,25,77
5,26,86
5,27,73
5,28,57
5,29,58
5,30,50
5,31,52
5,32,59
5,33,51
5,34,65
5,35,79
5,36,61
5,37,52
5,38,48
5,39,37
5,40,30
5,41,22
5,42,20
5,43,12
5,44,15
5,45,13
5,46,5
5,47,7
6,0,4
6,1,4
6,2,4
6,3,2
6,4,1
6,5,3
6,6,0
6,7,2
6,8,0
6,9,3
6,10,2
6,11,6
6,12,6
6,13,10
6,14,8
6,15,19
6,16,17
6,17,30
6,18,25
6,19,44
6,20,47
6,21,59
6,22,44
6,23,42
6,24,54
6,25,62
6,26,50
6,27,78
6,28,58
6,29,49
6,30,53
6,31,61
6,32,59
6,33,50
6,34,64
6,35,66
6,36,46
6,37,47
6,38,32
6,39,35
6,40,34
6,41,27
6,42,16
6,43,16
6,44,4
6,45,5
6,46,7
6,47,9
7,0,6
7,1,4
7,2,1
7,3,5
7,4,4
7,5,1
7,6,2
7,7,3
7,8,0
7,9,1
7,10,2
7,11,2
7,12,7
7,13,3
7,14,8
7,15,11
7,16,19
7,17,24
7,18,34
7,19,24
7,20,30
7,21,34
7,22,36
7,23,54
7,24,57
7,25,50
7,26,59
7,27,43
7,28,47
7,29,42
7,30,54
7,31,49
7,32,43
7,33,50
7,34,44
7,35,53
7,36,33
7,37,25
7,38,24
7,39,25
7,40,23
7,41,10
7,42,10
7,43,4
7,44,9
7,45,7
7,46,5
7,47,4
8,0,0
8,1,3
8,2,3
8,3,2
8,4,0
8,5,0
8,6,2
8,7,3
8,8,1
8,9,1
8,10,2
8,11,5
8,12,8
8,13,10
8,14,12
8,15,12
8,16,25
8,17,33
8,18,36
8,19,43
8,20,27
8,21,38
8,22,48
8,23,48
8,24,61
8,25,55
8,26,52
8,27,51
8,28,38
8,29,40
8,30,47
8,31,35
8,32,41
8,33,45
8,34,32
8,35,38
8,36,23
8,37,32
8,38,17
8,39,14
8,40,17
8,41,14
8,42,10
8,43,8
8,44,8
8,45,4
8,46,3
8,47,3
9,0,1
9,1,3
9,2,4
9,3,1
9,4,0
9,5,0
9,6,2
9,7,1
9,8,0
9,9,0
9,10,1
9,11,4
9,12,5
9,13,16
9,14,26
9,15,49
9,16,89
9,17,72
9,18,70
9,19,55
9,20,52
9,21,67
9,22,46
9,23,56
9,24,84
9,25,66
9,26,70
9,27,65
9,28,53
9,29,51
9,30,64
9,31,66
9,32,42
9,33,52
9,34,66
9,35,67
9,36,75
9,37,63
9,38,50
9,39,33
9,40,32
9,41,28
9,42,23
9,43,18
9,44,17
9,45,8
9,46,5
9,47,10
10,0,1
10,1,2
10,2,2
10,3,1
10,4,5
10,5,1
10,6,3
10,7,2
10,8,1
10,9,2
10,10,1
10,11,7
10,12,6
10,13,16
10,14,23
10,15,54
10,16,87
10,17,82
10,18,61
10,19,71
10,20,63
10,21,68
10,22,60
10,23,75
10,24,74
10,25,87
10,26,74
10,27,66
10,28,73
10,29,77
10,30,66
10,31,61
10,32,72
10,33,69
10,34,72
10,35,75
10,36,80
10,37,68
10,38,46
10,39,45
10,40,26
10,41,24
10,42,26
10,43,13
10,44,14
10,45,6
10,46,11
10,47,9
11,0,2
11,1,7
11,2,4
11,3,5
11,4,2
11,5,2
11,6,1
11,7,0
11,8,1
11,9,1
11,10,6
11,11,6
11,12,3
11,13,18
11,14,26
11,15,62
11,16,85
11,17,83
11,18,45
11,19,56
11,20,61
11,21,47
11,22,68
11,23,48
11,24,78
11,25,57
11,26,66
11,27,65
11,28,59
11,29,53
11,30,65
11,31,53
11,32,62
11,33,61
11,34,63
11,35,73
11,36,83
11,37,65
11,38,51
11,39,42
11,40,30
11,41,24
11,42,28
11,43,13
11,44,16
11,45,10
11,46,5
11,47,4
12,0,2
12,1,4
12,2,2
12,3,1
12,4,0
12,5,1
12,6,1
12,7,2
12,8,2
12,9,2
12,10,1
12,11,4
12,12,8
12,13,21
12,14,30
12,15,65
12,16,66
12,17,80
12,18,50
12,19,62
12,20,72
12,21,57
12,22,63
12,23,67
12,24,78
12,25,84
12,26,70
12,27,75
12,28,55
12,29,58
12,30,68
12,31,62
12,32,64
12,33,59
12,34,75
12,35,70
12,36,61
12,37,58
12,38,47
12,39,45
12,40,44
12,41,29
12,42,28
12,43,28
12,44,22
12,45,18
12,46,14
12,47,6
13,0,3
13,1,4
13,2,1
13,3,4
13,4,1
13,5,1
13,6,2
13,7,2
13,8,1
13,9,2
13,10,1
13,11,4
13,12,4
13,13,8
13,14,8
13,15,15
13,16,31
13,17,33
13,18,31
13,19,35
13,20,42
13,21,32
13,22,39
13,23,37
13,24,40
13,25,42
13,26,37
13,27,46
13,28,50
13,29,44
13,30,49
13,31,40
13,32,48
13,33,51
13,34,47
13,35,39
13,36,41
13,37,34
13,38,27
13,39,35
13,40,17
13,41,16
13,42,16
13,43,15
13,44,12
13,45,5
13,46,8
13,47,4
14,0,6
14,1,1
14,2,1
14,3,2
14,4,3
14,5,5
14,6,3
14,7,3
14,8,3
14,9,6
14,10,2
14,11,4
14,12,4
14,13,5
14,14,9
14,15,10
14,16,12
14,17,12
14,18,29
14,19,34
14,20,33
14,21,36
14,22,36
14,23,51
14,24,41
14,25,34
14,26,42
14,27,41
14,28,43
14,29,50
14,30,49
14,31,44
14,32,34
14,33,36
14,34,42
14,35,40
14,36,25
14,37,19
14,38,28
14,39,15
14,40,11
14,41,14
14,42,14
14,43,10
14,44,8
14,45,6
14,46,6
14,47,2
15,0,3
15,1,3
15,2,2
15,3,1
15,4,2
15,5,2
15,6,0
15,7,1
15,8,1
15,9,2
15,10,4
15,11,5
15,12,6
15,13,22
15,14,27
15,15,52
15,16,93
15,17,71
15,18,72
15,19,48
15,20,61
15,21,71
15,22,53
15,23,61
15,24,96
15,25,79
15,26,77
15,27,72
15,28,66
15,29,69
15,30,63
15,31,59
15,32,74
15,33,69
15,34,55
15,35,79
15,36,75
15,37,57
15,38,52
15,39,42
15,40,36
15,41,19
15,42,17
15,43,13
15,44,11
15,45,10
15,46,3
15,47,9
16,0,9
16,1,3
16,2,7
16,3,4
16,4,5
16,5,2
16,6,0
16,7,3
16,8,2
16,9,2
16,10,3
16,11,5
16,12,7
16,13,14
16,14,37
16,15,56
16,16,108
16,17,76
16,18,59
16,19,63
16,20,57
16,21,56
16,22,63
16,23,70
16,24,82
16,25,70
16,26,70
16,27,78
16,28,53
16,29,66
16,30,67
16,31,64
16,32,61
16,33,54
16,34,74
16,35,85
16,36,69
16,37,49
16,38,41
16,39,37
16,40,32
16,41,26
16,42,15
16,43,13
16,44,15
16,45,7
16,46,4
16,47,4
17,0,3
17,1,4
17,2,1
17,3,5
17,4,3
17,5,2
17,6,3
17,7,3
17,8,1
17,9,1
17,10,4
17,11,11
17,12,6
17,13,18
17,14,31
17,15,49
17,16,82
17,17,84
17,18,69
17,19,59
17,20,61
17,21,75
17,22,55
17,23,56
17,24,73
17,25,79
17,26,76
17,27,75
17,28,71
17,29,64
17,30,78
17,31,69
17,32,73
17,33,46
17,34,90
17,35,89
17,36,82
17,37,74
17,38,46
17,39,29
17,40,30
17,41,31
17,42,21
17,43,10
17,44,8
17,45,7
17,46,5
17,47,5
18,0,7
18,1,6
18,2,5
18,3,2
18,4,1
18,5,0
18,6,1
18,7,1
18,8,2
18,9,2
18,10,2
18,11,3
18,12,7
18,13,18
18,14,26
18,15,60
18,16,86
18,17,93
18,18,69
18,19,59
18,20,39
18,21,52
18,22,48
18,23,54
18,24,66
18,25,62
18,26,73
18,27,54
18,28,51
18,29,51
18,30,56
18,31,56
18,32,57
18,33,48
18,34,71
18,35,77
18,36,71
18,37,69
18,38,38
18,39,36
18,40,26
18,41,17
18,42,18
18,43,23
18,44,11
18,45,9
18,46,11
18,47,4
19,0,3
19,1,4
19,2,2
19,3,3
19,4,0
19,5,3
19,6,2
19,7,1
19,8,1
19,9,1
19,10,3
19,11,6
19,12,9
19,13,20
19,14,28
19,15,44
19,16,78
19,17,66
19,18,58
19,19,63
19,20,61
19,21,58
19,22,54
19,23,53
19,24,95
19,25,75
19,26,66
19,27,66
19,28,56
19,29,60
19,30,47
19,31,55
19,32,56
19,33,63
19,34,78
19,35,77
19,36,74
19,37,59
19,38,52
19,39,42
19,40,37
19,41,19
19,42,24
19,43,24
19,44,19
19,45,15
19,46,15
19,47,6
20,0,5
20,1,6
20,2,6
20,3,2
20,4,3
20,5,2
20,6,2
20,7,2
20,8,1
20,9,2
20,10,5
20,11,1
20,12,2
20,13,11
20,14,12
20,15,12
20,16,16
20,17,27
20,18,31
20,19,30
20,20,36
20,21,44
20,22,32
20,23,42
20,24,51
20,25,62
20,26,51
20,27,54
20,28,42
20,29,38
20,30,42
20,31,44
20,32,39
20,33,38
20,34,46
20,35,43
20,36,44
20,37,32
20,38,34
20,39,27
20,40,18
20,41,19
20,42,14
20,43,18
20,44,3
20,45,5
20,46,7
20,47,8
21,0,4
21,1,4
21,2,5
21,3,3
21,4,2
21,5,2
21,6,4
21,7,2
21,8,0
21,9,2
21,10,1
21,11,3
21,12,4
21,13,3
21,14,11
21,15,7
21,16,14
21,17,21
21,18,21
21,19,32
21,20,22
21,21,35
21,22,41
21,23,55
21,24,54
21,25,54
21,26,55
21,27,46
21,28,45
21,29,54
21,30,50
21,31,49
21,32,43
21,33,39
21,34,43
21,35,35
21,36,23
21,37,29
21,38,26
21,39,16
21,40,15
21,41,8
21,42,11
21,43,13
21,44,6
21,45,7
21,46,1
21,47,5
22,0,5
22,1,3
22,2,1
22,3,3
22,4,0
22,5,1
22,6,1
22,7,0
22,8,0
22,9,0
22,10,3
22,11,6
22,12,7
22,13,21
22,14,29
22,15,58
22,16,80
22,17,77
22,18,55
22,19,56
22,20,52
22,21,46
22,22,64
22,23,67
22,24,69
22,25,71
22,26,54
22,27,65
22,28,60
22,29,54
22,30,64
22,31,53
22,32,64
22,33,59
22,34,76
22,35,66
22,36,55
22,37,56
22,38,41
22,39,38
22,40,22
22,41,26
22,42,18
22,43,9
22,44,14
22,45,11
22,46,4
22,47,3
23,0,3
23,1,4
23,2,6
23,3,2
23,4,1
23,5,1
23,6,2
23,7,3
23,8,1
23,9,1
23,10,2
23,11,8
23,12,8
23,13,19
23,14,22
23,15,49
23,16,94
23,17,80
23,18,66
23,19,62
23,20,69
23,21,56
23,22,49
23,23,59
23,24,66
23,25,93
23,26,69
23,27,73
23,28,58
23,29,59
23,30,72
23,31,53
23,32,53
23,33,60
23,34,63
23,35,88
23,36,90
23,37,79
23,38,55
23,39,43
23,40,37
23,41,25
23,42,18
23,43,10
23,44,14
23,45,4
23,46,3
23,47,4
24,0,4
24,1,0
24,2,1
24,3,1
24,4,1
24,5,2
24,6,2
24,7,0
24,8,1
24,9,0
24,10,3
24,11,2
24,12,6
24,13,15
24,14,24
24,15,56
24,16,85
24,17,74
24,18,57
24,19,58
24,20,50
24,21,67
24,22,73
24,23,71
24,24,87
24,25,91
24,26,55
24,27,67
24,28,51
24,29,64
24,30,79
24,31,89
24,32,65
24,33,72
24,34,74
24,35,94
24,36,91
24,37,90
24,38,58
24,39,45
24,40,48
24,41,43
24,42,48
24,43,22
24,44,18
24,45,11
24,46,5
24,47,7
25,0,1
25,1,2
25,2,0
25,3,1
25,4,3
25,5,1
25,6,1
25,7,2
25,8,1
25,9,1
25,10,1
25,11,5
25,12,6
25,13,11
25,14,25
25,15,49
25,16,89
25,17,76
25,18,54
25,19,67
25,20,52
25,21,65
25,22,64
25,23,72
25,24,98
25,25,78
25,26,96
25,27,65
25,28,65
25,29,60
25,30,63
25,31,78
25,32,68
25,33,77
25,34,90
25,35,100
25,36,72
25,37,78
25,38,56
25,39,50
25,40,39
25,41,38
25,42,31
25,43,40
25,44,26
25,45,10
25,46,9
25,47,5
26,0,5
26,1,3
26,2,2
26,3,1
26,4,0
26,5,1
26,6,1
26,7,2
26,8,1
26,9,1
26,10,1
26,11,6
26,12,6
26,13,19
26,14,31
26,15,45
26,16,73
26,17,77
26,18,55
26,19,58
26,20,54
26,21,65
26,22,68
26,23,63
26,24,93
26,25,101
26,26,80
26,27,66
26,28,71
26,29,53
26,30,73
26,31,68
26,32,73
26,33,77
26,34,69
26,35,74
26,36,84
26,37,78
26,38,59
26,39,42
26,40,31
26,41,36
26,42,37
26,43,25
26,44,34
26,45,13
26,46,4
26,47,5
27,0,6
27,1,3
27,2,3
27,3,6
27,4,1
27,5,1
27,6,1
27,7,3
27,8,3
27,9,1
27,10,1
27,11,5
27,12,4
27,13,8
27,14,13
27,15,17
27,16,24
27,17,32
27,18,30
27,19,40
27,20,38
27,21,43
27,22,34
27,23,36
27,24,51
27,25,49
27,26,46
27,27,48
27,28,41
27,29,40
27,30,41
27,31,55
27,32,51
27,33,54
27,34,53
27,35,35
27,36,34
27,37,31
27,38,27
27,39,20
27,40,21
27,41,21
27,42,14
27,43,16
27,44,10
27,45,8
27,46,5
27,47,1
28,0,2
28,1,1
28,2,3
28,3,1
28,4,0
28,5,1
28,6,4
28,7,0
28,8,3
28,9,3
28,10,1
28,11,4
28,12,2
28,13,9
28,14,14
28,15,14
28,16,24
28,17,19
28,18,29
28,19,28
28,20,44
28,21,47
28,22,51
28,23,51
28,24,50
28,25,69
28,26,62
28,27,49
28,28,54
28,29,60
28,30,58
28,31,58
28,32,47
28,33,47
28,34,58
28,35,58
28,36,35
28,37,46
28,38,35
28,39,34
28,40,29
28,41,26
28,42,11
28,43,20
28,44,17
28,45,5
28,46,4
28,47,9
29,0,0
29,1,1
29,2,2
29,3,1
29,4,1
29,5,3
29,6,2
29,7,0
29,8,1
29,9,0
29,10,2
29,11,2
29,12,6
29,13,6
29,14,15
29,15,11
29,16,16
29,17,28
29,18,33
29,19,39
29,20,46
29,21,49
29,22,50
29,23,66
29,24,62
29,25,61
29,26,54
29,27,64
29,28,54
29,29,68
29,30,50
29,31,51
29,32,55
29,33,44
29,34,42
29,35,56
29,36,40
29,37,34
29,38,46
29,39,36
29,40,27
29,41,26
29,42,26
29,43,33
29,44,17
29,45,7
29,46,2
29,47,2
30,0,0
30,1,2
30,2,2
30,3,2
30,4,0
30,5,0
30,6,1
30,7,0
30,8,1
30,9,0
30,10,1
30,11,8
30,12,8
30,13,12
30,14,39
30,15,62
30,16,100
30,17,78
30,18,63
30,19,64
30,20,54
30,21,62
30,22,69
30,23,63
30,24,82
30,25,70
30,26,78
30,27,85
30,28,71
30,29,80
30,30,90
30,31,59
30,32,71
30,33,87
30,34,83
30,35,95
30,36,66
30,37,75
30,38,71
30,39,53
30,40,43
30,41,48
30,42,39
30,43,29
30,44,40
30,45,21
30,46,10
30,47,7
31,0,4
31,1,4
31,2,6
31,3,2
31,4,1
31,5,3
31,6,1
31,7,1
31,8,0
31,9,1
31,10,4
31,11,10
31,12,10
31,13,15
31,14,34
31,15,54
31,16,85
31,17,69
31,18,62
31,19,59
31,20,46
31,21,62
31,22,57
31,23,62
31,24,81
31,25,98
31,26,74
31,27,66
31,28,67
31,29,69
31,30,71
31,31,67
31,32,71
31,33,81
31,34,70
31,35,81
31,36,71
31,37,65
31,38,43
31,39,43
31,40,32
31,41,21
31,42,12
31,43,10
31,44,6
31,45,12
31,46,8
31,47,2
32,0,4
32,1,2
32,2,1
32,3,1
32,4,3
32,5,2
32,6,2
32,7,0
32,8,0
32,9,1
32,10,5
32,11,4
32,12,9
32,13,20
32,14,29
32,15,44
32,16,80
32,17,80
32,18,51
32,19,54
32,20,53
32,21,52
32,22,62
32,23,64
32,24,75
32,25,66
32,26,65
32,27,88
32,28,69
32,29,54
32,30,56
32,31,70
32,32,68
32,33,53
32,34,74
32,35,77
32,36,68
32,37,62
32,38,38
32,39,37
32,40,31
32,41,34
32,42,17
32,43,14
32,44,16
32,45,13
32,46,5
32,47,9
33,0,5
33,1,2
33,2,5
33,3,3
33,4,3
33,5,3
33,6,1
33,7,4
33,8,2
33,9,2
33,10,4
33,11,3
33,12,7
33,13,24
33,14,37
33,15,46
33,16,90
33,17,82
33,18,69
33,19,59
33,20,66
33,21,55
33,22,69
33,23,66
33,24,97
33,25,74
33,26,66
33,27,74
33,28,62
33,29,63
33,30,69
33,31,78
33,32,68
33,33,69
33,34,87
33,35,95
33,36,82
33,37,69
33,38,53
33,39,53
33,40,44
33,41,28
33,42,28
33,43,19
33,44,9
33,45,17
33,46,6
33,47,9
34,0,4
34,1,6
34,2,1
34,3,2
34,4,3
34,5,2
34,6,2
34,7,0
34,8,2
34,9,5
34,10,3
34,11,6
34,12,1
34,13,13
34,14,24
34,15,27
34,16,28
34,17,35
34,18,45
34,19,34
34,20,39
34,21,58
34,22,48
34,23,59
34,24,48
34,25,63
34,26,65
34,27,65
34,28,40
34,29,62
34,30,63
34,31,70
34,32,61
34,33,71
34,34,61
34,35,52
34,36,50
34,37,48
34,38,36
34,39,23
34,40,22
34,41,18
34,42,11
34,43,19
34,44,11
34,45,9
34,46,9
34,47,8
35,0,5
35,1,4
35,2,11
35,3,0
35,4,3
35,5,4
35,6,2
35,7,1
35,8,1
35,9,2
35,10,0
35,11,3
35,12,5
35,13,7
35,14,16
35,15,12
35,16,18
35,17,32
35,18,26
35,19,30
35,20,34
35,21,34
35,22,58
35,23,48
35,24,52
35,25,61
35,26,64
35,27,63
35,28,58
35,29,45
35,30,67
35,31,57
35,32,37
35,33,41
35,34,46
35,35,35
35,36,28
35,37,21
35,38,28
35,39,10
35,40,16
35,41,14
35,42,8
35,43,14
35,44,7
35,45,4
35,46,5
35,47,1
36,0,2
36,1,0
36,2,0
36,3,0
36,4,0
36,5,0
36,6,0
36,7,3
36,8,0
36,9,1
36,10,2
36,11,3
36,12,4
36,13,15
36,14,26
36,15,42
36,16,64
36,17,74
36,18,65
36,19,50
36,20,48
36,21,44
36,22,59
36,23,61
36,24,77
36,25,66
36,26,65
36,27,82
36,28,56
36,29,58
36,30,57
36,31,50
36,32,52
36,33,64
36,34,71
36,35,72
36,36,82
36,37,58
36,38,49
36,39,38
36,40,22
36,41,20
36,42,31
36,43,17
36,44,10
36,45,11
36,46,11
36,47,5
37,0,4
37,1,2
37,2,3
37,3,5
37,4,3
37,5,2
37,6,1
37,7,2
37,8,1
37,9,2
37,10,3
37,11,1
37,12,9
37,13,12
37,14,13
37,15,11
37,16,18
37,17,25
37,18,27
37,19,26
37,20,49
37,21,64
37,22,44
37,23,50
37,24,56
37,25,48
37,26,57
37,27,42
37,28,49
37,29,42
37,30,47
37,31,58
37,32,56
37,33,54
37,34,43
37,35,36
37,36,30
37,37,32
37,38,24
37,39,11
37,40,24
37,41,20
37,42,8
37,43,10
37,44,5
37,45,5
37,46,2
37,47,2
38,0,2
38,1,3
38,2,0
38,3,2
38,4,1
38,5,2
38,6,0
38,7,2
38,8,3
38,9,2
38,10,2
38,11,3
38,12,12
38,13,16
38,14,38
38,15,63
38,16,83
38,17,86
38,18,60
38,19,58
38,20,57
38,21,58
38,22,59
38,23,65
38,24,78
38,25,80
38,26,74
38,27,74
38,28,68
38,29,53
38,30,68
38,31,65
38,32,62
38,33,57
38,34,70
38,35,83
38,36,82
38,37,74
38,38,44
38,39,25
38,40,17
38,41,23
38,42,27
38,43,20
38,44,8
38,45,10
38,46,6
38,47,5
39,0,2
39,1,4
39,2,1
39,3,4
39,4,2
39,5,2
39,6,2
39,7,0
39,8,0
39,9,2
39,10,2
39,11,6
39,12,8
39,13,13
39,14,29
39,15,48
39,16,75
39,17,82
39,18,69
39,19,81
39,20,50
39,21,59
39,22,77
39,23,78
39,24,77
39,25,70
39,26,75
39,27,60
39,28,64
39,29,66
39,30,56
39,31,48
39,32,52
39,33,77
39,34,85
39,35,94
39,36,72
39,37,59
39,38,51
39,39,53
39,40,36
39,41,31
39,42,19
39,43,15
39,44,14
39,45,10
39,46,4
39,47,5
40,0,3
40,1,3
40,2,0
40,3,2
40,4,2
40,5,1
40,6,1
40,7,3
40,8,1
40,9,0
40,10,3
40,11,8
40,12,5
40,13,16
40,14,33
40,15,51
40,16,85
40,17,87
40,18,64
40,19,73
40,20,59
40,21,59
40,22,63
40,23,64
40,24,73
40,25,77
40,26,65
40,27,60
40,28,60
40,29,69
40,30,75
40,31,67
40,32,62
40,33,73
40,34,78
40,35,84
40,36,64
40,37,74
40,38,72
40,39,43
40,40,35
40,41,30
40,42,32
40,43,15
40,44,15
40,45,12
40,46,6
40,47,11
41,0,7
41,1,5
41,2,4
41,3,1
41,4,2
41,5,0
41,6,2
41,7,2
41,8,3
41,9,3
41,10,3
41,11,5
41,12,8
41,13,7
41,14,21
41,15,26
41,16,31
41,17,49
41,18,49
41,19,59
41,20,83
41,21,89
41,22,83
41,23,102
41,24,107
41,25,101
41,26,95
41,27,123
41,28,122
41,29,107
41,30,102
41,31,98
41,32,102
41,33,78
41,34,78
41,35,75
41,36,55
41,37,44
41,38,40
41,39,31
41,40,33
41,41,17
41,42,7
41,43,5
41,44,18
41,45,7
41,46,7
41,47,3
42,0,5
42,1,2
42,2,5
42,3,2
42,4,1
42,5,3
42,6,3
42,7,1
42,8,0
42,9,1
42,10,2
42,11,4
42,12,7
42,13,11
42,14,10
42,15,17
42,16,25
42,17,41
42,18,47
42,19,69
42,20,81
42,21,101
42,22,100
42,23,124
42,24,129
42,25,125
42,26,114
42,27,106
42,28,127
42,29,116
42,30,105
42,31,103
42,32,78
42,33,76
42,34,77
42,35,61
42,36,41
42,37,37
42,38,30
42,39,14
42,40,18
42,41,18
42,42,13
42,43,7
42,44,6
42,45,4
42,46,3
42,47,1
43,0,2
43,1,2
43,2,2
43,3,1
43,4,1
43,5,1
43,6,1
43,7,1
43,8,0
43,9,3
43,10,0
43,11,7
43,12,9
43,13,12
43,14,29
43,15,49
43,16,75
43,17,84
43,18,69
43,19,59
43,20,55
43,21,67
43,22,69
43,23,69
43,24,83
43,25,83
43,26,68
43,27,67
43,28,42
43,29,64
43,30,75
43,31,65
43,32,60
43,33,61
43,34,71
43,35,75
43,36,60
43,37,60
43,38,40
43,39,36
43,40,28
43,41,31
43,42,20
43,43,10
43,44,14
43,45,7
43,46,8
43,47,7
44,0,5
44,1,5
44,2,1
44,3,4
44,4,2
44,5,3
44,6,2
44,7,3
44,8,0
44,9,1
44,10,4
44,11,2
44,12,7
44,13,17
44,14,24
44,15,52
44,16,93
44,17,75
44,18,52
44,19,51
44,20,56
44,21,48
44,22,74
44,23,65
44,24,90
44,25,75
44,26,72
44,27,60
44,28,59
44,29,58
44,30,59
44,31,47
44,32,52
44,33,60
44,34,62
44,35,69
44,36,63
44,37,57
44,38,32
44,39,34
44,40,33
44,41,23
44,42,17
44,43,14
44,44,11
44,45,4
44,46,6
44,47,3
45,0,0
45,1,3
45,2,4
45,3,1
45,4,1
45,5,3
45,6,1
45,7,1
45,8,1
45,9,1
45,10,3
45,11,2
45,12,3
45,13,12
45,14,31
45,15,52
45,16,83
45,17,79
45,18,56
45,19,59
45,20,57
45,21,53
45,22,64
45,23,47
45,24,82
45,25,78
45,26,61
45,27,64
45,28,63
45,29,61
45,30,59
45,31,55
45,32,67
45,33,64
45,34,70
45,35,76
45,36,90
45,37,72
45,38,48
45,39,41
45,40,53
45,41,34
45,42,29
45,43,31
45,44,25
45,45,11
45,46,2
45,47,1
46,0,2
46,1,2
46,2,3
46,3,1
46,4,0
46,5,2
46,6,2
46,7,1
46,8,4
46,9,2
46,10,1
46,11,9
46,12,7
46,13,13
46,14,35
46,15,52
46,16,65
46,17,78
46,18,49
46,19,64
46,20,66
46,21,51
46,22,65
46,23,66
46,24,84
46,25,70
46,26,68
46,27,60
46,28,64
46,29,64
46,30,49
46,31,62
46,32,75
46,33,67
46,34,82
46,35,90
46,36,69
46,37,77
46,38,60
46,39,47
46,40,39
46,41,27
46,42,29
46,43,27
46,44,31
46,45,21
46,46,8
46,47,10
47,0,2
47,1,3
47,2,4
47,3,5
47,4,2
47,5,2
47,6,0
47,7,4
47,8,1
47,9,1
47,10,3
47,11,4
47,12,5
47,13,13
47,14,25
47,15,52
47,16,72
47,17,75
47,18,63
47,19,60
47,20,50
47,21,50
47,22,53
47,23,59
47,24,80
47,25,81
47,26,69
47,27,71
47,28,62
47,29,60
47,30,50
47,31,64
47,32,60
47,33,70
47,34,75
47,35,83
47,36,75
47,37,67
47,38,44
47,39,42
47,40,31
47,41,29
47,42,18
47,43,17
47,44,11
47,45,11
47,46,10
47,47,6
48,0,6
48,1,8
48,2,7
48,3,2
48,4,0
48,5,2
48,6,4
48,7,1
48,8,1
48,9,0
48,10,1
48,11,6
48,12,7
48,13,5
48,14,13
48,15,20
48,16,27
48,17,13
48,18,28
48,19,36
48,20,36
48,21,39
48,22,44
48,23,58
48,24,51
48,25,45
48,26,53
48,27,46
48,28,66
48,29,45
48,30,59
48,31,62
48,32,65
48,33,43
48,34,43
48,35,44
48,36,37
48,37,39
48,38,26
48,39,20
48,40,21
48,41,15
48,42,23
48,43,13
48,44,5
48,45,13
48,46,8
48,47,4
49,0,5
49,1,2
49,2,1
49,3,3
49,4,2
49,5,3
49,6,1
49,7,1
49,8,3
49,9,2
49,10,4
49,11,4
49,12,9
49,13,6
49,14,10
49,15,12
49,16,12
49,17,29
49,18,24
49,19,30
49,20,32
49,21,37
49,22,39
49,23,51
49,24,47
49,25,59
49,26,37
49,27,41
49,28,42
49,29,46
49,30,55
49,31,53
49,32,46
49,33,42
49,34,33
49,35,32
49,36,30
49,37,26
49,38,20
49,39,22
49,40,17
49,41,14
49,42,12
49,43,8
49,44,6
49,45,7
49,46,7
49,47,4
50,0,2
50,1,4
50,2,2
50,3,3
50,4,5
50,5,5
50,6,1
50,7,1
50,8,0
50,9,0
50,10,4
50,11,5
50,12,10
50,13,7
50,14,10
50,15,19
50,16,27
50,17,24
50,18,31
50,19,35
50,20,50
50,21,35
50,22,51
50,23,48
50,24,55
50,25,50
50,26,47
50,27,44
50,28,48
50,29,42
50,30,63
50,31,51
50,32,39
50,33,37
50,34,36
50,35,27
50,36,24
50,37,24
50,38,18
50,39,15
50,40,19
50,41,6
50,42,5
50,43,3
50,44,4
50,45,6
50,46,3
50,47,1
51,0,1
51,1,4
51,2,2
51,3,3
51,4,1
51,5,1
51,6,2
51,7,2
51,8,1
51,9,3
51,10,1
51,11,5
51,12,10
51,13,18
51,14,28
51,15,55
51,16,80
51,17,82
51,18,69
51,19,70
51,20,53
51,21,52
51,22,61
51,23,53
51,24,72
51,25,77
51,26,65
51,27,70
51,28,52
51,29,53
51,30,63
51,31,69
51,32,65
51,33,51
51,34,61
51,35,69
51,36,43
51,37,57
51,38,37
51,39,34
51,40,36
51,41,29
51,42,21
51,43,14
51,44,11
51,45,9
51,46,5
51,47,10
52,0,6
52,1,4
52,2,3
52,3,0
52,4,2
52,5,2
52,6,2
52,7,2
52,8,0
52,9,0
52,10,5
52,11,7
52,12,9
52,13,11
52,14,34
52,15,51
52,16,84
52,17,71
52,18,63
52,19,61
52,20,58
52,21,50
52,22,52
52,23,56
52,24,68
52,25,80
52,26,65
52,27,64
52,28,64
52,29,40
52,30,53
52,31,50
52,32,40
52,33,55
52,34,61
52,35,75
52,36,63
52,37,57
52,38,47
52,39,30
52,40,26
52,41,22
52,42,19
52,43,13
52,44,9
52,45,12
52,46,4
52,47,4
53,0,2
53,1,2
53,2,4
53,3,3
53,4,1
53,5,1
53,6,2
53,7,3
53,8,2
53,9,0
53,10,5
53,11,3
53,12,5
53,13,19
53,14,34
53,15,47
53,16,71
53,17,72
53,18,60
53,19,63
53,20,42
53,21,43
53,22,58
53,23,62
53,24,58
53,25,68
53,26,60
53,27,52
53,28,59
53,29,61
53,30,49
53,31,67
53,32,56
53,33,58
53,34,58
53,35,77
53,36,63
53,37,40
53,38,31
53,39,32
53,40,20
53,41,28
53,42,16
53,43,11
53,44,15
53,45,16
53,46,8
53,47,5
54,0,4
54,1,5
54,2,4
54,3,2
54,4,1
54,5,4
54,6,0
54,7,2
54,8,1
54,9,3
54,10,2
54,11,6
54,12,7
54,13,15
54,14,40
54,15,54
54,16,78
54,17,71
54,18,62
54,19,65
54,20,53
54,21,71
54,22,53
54,23,63
54,24,81
54,25,82
54,26,76
54,27,76
54,28,64
54,29,59
54,30,78
54,31,64
54,32,72
54,33,57
54,34,71
54,35,80
54,36,72
54,37,45
54,38,43
54,39,35
54,40,40
54,41,32
54,42,18
54,43,24
54,44,14
54,45,19
54,46,9
54,47,3
55,0,2
55,1,7
55,2,4
55,3,3
55,4,2
55,5,2
55,6,2
55,7,0
55,8,4
55,9,2
55,10,4
55,11,2
55,12,4
55,13,11
55,14,10
55,15,14
55,16,22
55,17,25
55,18,39
55,19,34
55,20,40
55,21,23
55,22,34
55,23,45
55,24,55
55,25,58
55,26,48
55,27,53
55,28,43
55,29,56
55,30,32
55,31,56
55,32,53
55,33,39
55,34,42
55,35,51
55,36,39
55,37,25
55,38,25
55,39,27
55,40,27
55,41,16
55,42,16
55,43,14
55,44,9
55,45,13
55,46,5
55,47,7
56,0,6
56,1,2
56,2,0
56,3,2
56,4,2
56,5,2
56,6,0
56,7,0
56,8,3
56,9,3
56,10,2
56,11,5
56,12,7
56,13,10
56,14,10
56,15,12
56,16,19
56,17,38
56,18,33
56,19,36
56,20,44
56,21,47
56,22,46
56,23,55
56,24,59
56,25,58
56,26,53
56,27,50
56,28,63
56,29,62
56,30,59
56,31,66
56,32,52
56,33,39
56,34,25
56,35,36
56,36,24
56,37,22
56,38,28
56,39,15
56,40,12
56,41,12
56,42,11
56,43,7
56,44,6
56,45,2
56,46,5
56,47,2
57,0,0
57,1,3
57,2,3
57,3,1
57,4,0
57,5,1
57,6,1
57,7,0
57,8,1
57,9,1
57,10,1
57,11,3
57,12,5
57,13,16
57,14,36
57,15,45
57,16,55
57,17,90
57,18,70
57,19,63
57,20,60
57,21,60
57,22,66
57,23,63
57,24,73
57,25,70
57,26,74
57,27,59
57,28,58
57,29,57
57,30,50
57,31,63
57,32,60
57,33,41
57,34,59
57,35,71
57,36,63
57,37,65
57,38,39
57,39,36
57,40,33
57,41,23
57,42,18
57,43,12
57,44,13
57,45,9
57,46,7
57,47,1
58,0,3
58,1,3
58,2,2
58,3,1
58,4,0
58,5,1
58,6,0
58,7,0
58,8,2
58,9,2
58,10,2
58,11,3
58,12,6
58,13,6
58,14,37
58,15,54
58,16,76
58,17,77
58,18,53
58,19,57
58,20,57
58,21,54
58,22,53
58,23,58
58,24,81
58,25,72
58,26,67
58,27,64
58,28,53
58,29,61
58,30,68
58,31,70
58,32,52
58,33,53
58,34,69
58,35,66
58,36,54
58,37,54
58,38,47
58,39,34
58,40,25
58,41,27
58,42,27
58,43,18
58,44,12
58,45,7
58,46,1
58,47,5
59,0,4
59,1,1
59,2,3
59,3,1
59,4,0
59,5,0
59,6,0
59,7,1
59,8,2
59,9,0
59,10,2
59,11,3
59,12,4
59,13,13
59,14,35
59,15,60
59,16,71
59,17,82
59,18,80
59,19,73
59,20,59
59,21,63
59,22,81
59,23,84
59,24,95
59,25,90
59,26,80
59,27,84
59,28,68
59,29,76
59,30,63
59,31,67
59,32,67
59,33,74
59,34,82
59,35,98
59,36,78
59,37,60
59,38,40
59,39,39
59,40,23
59,41,16
59,42,22
59,43,13
59,44,17
59,45,6
59,46,4
59,47,2
60,0,5
60,1,1
60,2,1
60,3,3
60,4,1
60,5,2
60,6,2
60,7,2
60,8,0
60,9,1
60,10,1
60,11,4
60,12,2
60,13,16
60,14,17
60,15,52
60,16,79
60,17,72
60,18,58
60,19,47
60,20,47
60,21,49
60,22,54
60,23,49
60,24,62
60,25,67
60,26,60
60,27,40
60,28,39
60,29,61
60,30,44
60,31,38
60,32,53
60,33,56
60,34,61
60,35,68
60,36,65
60,37,49
60,38,39
60,39,25
60,40,17
60,41,12
60,42,16
60,43,13
60,44,9
60,45,10
60,46,5
60,47,6
61,0,3
61,1,4
61,2,3
61,3,3
61,4,1
61,5,2
61,6,2
61,7,1
61,8,1
61,9,2
61,10,2
61,11,3
61,12,3
61,13,15
61,14,32
61,15,43
61,16,53
61,17,66
61,18,63
61,19,48
61,20,49
61,21,54
61,22,56
61,23,57
61,24,72
61,25,65
61,26,64
61,27,60
61,28,42
61,29,51
61,30,49
61,31,60
61,32,52
61,33,47
61,34,70
61,35,76
61,36,59
61,37,56
61,38,41
61,39,40
61,40,33
61,41,33
61,42,26
61,43,27
61,44,8
61,45,12
61,46,13
61,47,11
62,0,6
62,1,5
62,2,2
62,3,1
62,4,1
62,5,2
62,6,1
62,7,2
62,8,1
62,9,1
62,10,2
62,11,1
62,12,4
62,13,3
62,14,13
62,15,8
62,16,21
62,17,23
62,18,21
62,19,31
62,20,38
62,21,40
62,22,43
62,23,43
62,24,39
62,25,47
62,26,53
62,27,56
62,28,60
62,29,47
62,30,56
62,31,47
62,32,49
62,33,42
62,34,44
62,35,49
62,36,41
62,37,31
62,38,31
62,39,24
62,40,27
62,41,17
62,42,21
62,43,13
62,44,10
62,45,8
62,46,7
62,47,4
63,0,2
63,1,1
63,2,0
63,3,2
63,4,5
63,5,0
63,6,3
63,7,1
63,8,1
63,9,2
63,10,0
63,11,4
63,12,2
63,13,2
63,14,4
63,15,8
63,16,15
63,17,24
63,18,29
63,19,39
63,20,32
63,21,42
63,22,37
63,23,40
63,24,43
63,25,41
63,26,45
63,27,48
63,28,43
63,29,32
63,30,32
63,31,50
63,32,42
63,33,46
63,34,28
63,35,33
63,36,29
63,37,21
63,38,19
63,39,10
63,40,16
63,41,16
63,42,7
63,43,7
63,44,5
63,45,6
63,46,4
63,47,4
64,0,1
64,1,0
64,2,1
64,3,0
64,4,0
64,5,0
64,6,2
64,7,0
64,8,0
64,9,1
64,10,3
64,11,4
64,12,6
64,13,13
64,14,27
64,15,49
64,16,78
64,17,63
64,18,54
64,19,64
64,20,47
64,21,55
64,22,45
64,23,49
64,24,54
64,25,58
64,26,59
64,27,65
64,28,33
64,29,52
64,30,51
64,31,59
64,32,54
64,33,43
64,34,67
64,35,56
64,36,76
64,37,60
64,38,39
64,39,38
64,40,26
64,41,15
64,42,13
64,43,7
64,44,12
64,45,8
64,46,5
64,47,1
65,0,2
65,1,5
65,2,3
65,3,4
65,4,0
65,5,1
65,6,2
65,7,0
65,8,2
65,9,1
65,10,1
65,11,3
65,12,9
65,13,15
65,14,18
65,15,48
65,16,90
65,17,73
65,18,70
65,19,53
65,20,69
65,21,63
65,22,49
65,23,57
65,24,73
65,25,76
65,26,68
65,27,57
65,28,46
65,29,52
65,30,51
65,31,55
65,32,55
65,33,55
65,34,70
65,35,67
65,36,58
65,37,55
65,38,47
65,39,36
65,40,26
65,41,22
65,42,18
65,43,16
65,44,10
65,45,8
65,46,3
65,47,5
66,0,6
66,1,4
66,2,4
66,3,5
66,4,2
66,5,0
66,6,0
66,7,3
66,8,0
66,9,4
66,10,1
66,11,1
66,12,9
66,13,8
66,14,25
66,15,43
66,16,64
66,17,58
66,18,64
66,19,60
66,20,56
66,21,50
66,22,47
66,23,50
66,24,67
66,25,61
66,26,65
66,27,49
66,28,52
66,29,56
66,30,47
66,31,43
66,32,60
66,33,51
66,34,71
66,35,78
66,36,51
66,37,51
66,38,42
66,39,29
66,40,30
66,41,22
66,42,19
66,43,18
66,44,12
66,45,13
66,46,8
66,47,7
67,0,3
67,1,1
67,2,0
67,3,3
67,4,4
67,5,3
67,6,0
67,7,0
67,8,0
67,9,4
67,10,3
67,11,3
67,12,6
67,13,11
67,14,20
67,15,40
67,16,65
67,17,72
67,18,56
67,19,56
67,20,44
67,21,55
67,22,42
67,23,63
67,24,61
67,25,61
67,26,66
67,27,55
67,28,47
67,29,46
67,30,42
67,31,45
67,32,53
67,33,35
67,34,67
67,35,67
67,36,63
67,37,57
67,38,41
67,39,32
67,40,22
67,41,23
67,42,20
67,43,17
67,44,12
67,45,10
67,46,9
67,47,4
68,0,4
68,1,4
68,2,1
68,3,3
68,4,2
68,5,2
68,6,4
68,7,2
68,8,2
68,9,3
68,10,2
68,11,3
68,12,5
68,13,21
68,14,31
68,15,44
68,16,77
68,17,76
68,18,51
68,19,57
68,20,63
68,21,62
68,22,63
68,23,49
68,24,67
68,25,68
68,26,69
68,27,52
68,28,47
68,29,66
68,30,63
68,31,55
68,32,58
68,33,64
68,34,73
68,35,76
68,36,80
68,37,71
68,38,55
68,39,50
68,40,36
68,41,28
68,42,25
68,43,19
68,44,12
68,45,11
68,46,8
68,47,9
69,0,6
69,1,6
69,2,3
69,3,4
69,4,5
69,5,4
69,6,1
69,7,2
69,8,4
69,9,3
69,10,2
69,11,0
69,12,3
69,13,5
69,14,9
69,15,20
69,16,18
69,17,21
69,18,30
69,19,27
69,20,33
69,21,51
69,22,33
69,23,45
69,24,39
69,25,43
69,26,42
69,27,54
69,28,46
69,29,47
69,30,59
69,31,62
69,32,43
69,33,35
69,34,50
69,35,45
69,36,35
69,37,36
69,38,31
69,39,25
69,40,18
69,41,13
69,42,19
69,43,12
69,44,14
69,45,11
69,46,11
69,47,10
70,0,4
70,1,2
70,2,7
70,3,4
70,4,7
70,5,2
70,6,1
70,7,2
70,8,2
70,9,0
70,10,1
70,11,7
70,12,4
70,13,7
70,14,9
70,15,9
70,16,17
70,17,15
70,18,25
70,19,26
70,20,40
70,21,45
70,22,42
70,23,42
70,24,42
70,25,29
70,26,33
70,27,36
70,28,43
70,29,35
70,30,48
70,31,41
70,32,36
70,33,25
70,34,41
70,35,40
70,36,24
70,37,27
70,38,13
70,39,21
70,40,20
70,41,13
70,42,10
70,43,5
70,44,4
70,45,5
70,46,3
70,47,4
71,0,2
71,1,0
71,2,4
71,3,3
71,4,1
71,5,2
71,6,1
71,7,1
71,8,1
71,9,1
71,10,1
71,11,2
71,12,5
71,13,9
71,14,19
71,15,41
71,16,85
71,17,67
71,18,58
71,19,50
71,20,48
71,21,43
71,22,54
71,23,52
71,24,57
71,25,59
71,26,76
71,27,60
71,28,54
71,29,48
71,30,36
71,31,48
71,32,37
71,33,54
71,34,69
71,35,70
71,36,57
71,37,47
71,38,34
71,39,30
71,40,23
71,41,28
71,42,26
71,43,14
71,44,11
71,45,4
71,46,4
71,47,4
72,0,1
72,1,3
72,2,1
72,3,1
72,4,0
72,5,3
72,6,1
72,7,1
72,8,2
72,9,2
72,10,4
72,11,3
72,12,6
72,13,12
72,14,23
72,15,50
72,16,75
72,17,94
72,18,76
72,19,50
72,20,33
72,21,60
72,22,43
72,23,46
72,24,78
72,25,72
72,26,75
72,27,61
72,28,54
72,29,56
72,30,39
72,31,58
72,32,58
72,33,57
72,34,46
72,35,65
72,36,62
72,37,58
72,38,39
72,39,42
72,40,29
72,41,16
72,42,16
72,43,13
72,44,11
72,45,6
72,46,12
72,47,4
73,0,3
73,1,3
73,2,2
73,3,2
73,4,3
73,5,1
73,6,3
73,7,4
73,8,3
73,9,0
73,10,2
73,11,6
73,12,7
73,13,15
73,14,15
73,15,36
73,16,72
73,17,69
73,18,55
73,19,56
73,20,49
73,21,45
73,22,44
73,23,50
73,24,68
73,25,66
73,26,61
73,27,58
73,28,53
73,29,62
73,30,56
73,31,55
73,32,50
73,33,59
73,34,70
73,35,72
73,36,76
73,37,47
73,38,32
73,39,27
73,40,21
73,41,21
73,42,26
73,43,10
73,44,10
73,45,3
73,46,4
73,47,2
74,0,3
74,1,3
74,2,4
74,3,3
74,4,2
74,5,0
74,6,0
74,7,2
74,8,1
74,9,0
74,10,0
74,11,1
74,12,5
74,13,11
74,14,21
74,15,51
74,16,76
74,17,73
74,18,61
74,19,46
74,20,55
74,21,41
74,22,47
74,23,52
74,24,69
74,25,68
74,26,56
74,27,64
74,28,49
74,29,42
74,30,33
74,31,55
74,32,47
74,33,59
74,34,64
74,35,81
74,36,52
74,37,52
74,38,38
74,39,35
74,40,30
74,41,35
74,42,21
74,43,12
74,44,11
74,45,7
74,46,9
74,47,4
